kind,n,m,structure,workload,threads,queries,build_ns,index_bytes,analytic_bytes,scratch_bytes,wall_ns,throughput_qps,p50_ns,p99_ns,chunk,spread,checksum
er,20000,319858,adjmap,bfs,1,64,10099965,3137984,2781408,97736,181652636,352.32,2772747,4094856,1,1.4089,12799360000
er,20000,319858,adjmap,bfs,2,64,10099965,3137984,2781408,195472,88798616,720.73,2716990,3207397,1,1.0385,12799360000
er,20000,319858,adjmap,bfs,4,64,10099965,3137984,2781408,390944,45936051,1393.24,2680331,5098912,1,1.0776,12799360000
er,20000,319858,adjmap,bfs,1,512,10099965,3137984,2781408,97736,1279865764,400.04,2430996,4027583,1,1.1900,102394880000
er,20000,319858,adjmap,bfs,2,512,10099965,3137984,2781408,195472,725303758,705.91,2690034,4432686,1,1.0613,102394880000
er,20000,319858,adjmap,bfs,4,512,10099965,3137984,2781408,390944,357760278,1431.13,2756342,4018552,1,1.1621,102394880000
er,20000,319858,adjmap,bfs-batch,1,64,10099965,3137984,2781408,97736,128197811,499.23,1972175,2415093,1,1.1799,12799360000
er,20000,319858,adjmap,bfs-batch,2,64,10099965,3137984,2781408,195472,68502330,934.27,2126404,2445446,1,1.1455,12799360000
er,20000,319858,adjmap,bfs-batch,4,64,10099965,3137984,2781408,390944,38195156,1675.61,2248602,3114160,1,1.0985,12799360000
er,20000,319858,adjmap,bfs-batch,1,512,10099965,3137984,2781408,97736,1028463833,497.83,1973555,2404768,1,1.2093,102394880000
er,20000,319858,adjmap,bfs-batch,2,512,10099965,3137984,2781408,195472,551402032,928.54,2123415,3080587,1,1.0565,102394880000
er,20000,319858,adjmap,bfs-batch,4,512,10099965,3137984,2781408,390944,285201503,1795.22,2161334,3734231,1,1.1166,102394880000
er,20000,319858,adjmap,dfs,1,64,10099965,3137984,2781408,699848,226408884,282.67,3493342,5754523,1,1.0301,12799360000
er,20000,319858,adjmap,dfs,2,64,10099965,3137984,2781408,1399696,100957011,633.93,3046966,5139766,1,1.1062,12799360000
er,20000,319858,adjmap,dfs,4,64,10099965,3137984,2781408,2799392,56939767,1123.99,3317942,7965853,1,1.2927,12799360000
er,20000,319858,adjmap,dfs,1,512,10099965,3137984,2781408,699848,1666785821,307.18,3120848,4324686,1,1.1461,102394880000
er,20000,319858,adjmap,dfs,2,512,10099965,3137984,2781408,1399696,793374439,645.34,3035012,4252262,1,1.1226,102394880000
er,20000,319858,adjmap,dfs,4,512,10099965,3137984,2781408,2799392,440124252,1163.31,3266107,6821891,1,1.0768,102394880000
er,20000,319858,adjlist,bfs,1,64,6478861,2304800,2301432,97736,123465804,518.36,1910910,2739955,1,1.2575,12799360000
er,20000,319858,adjlist,bfs,2,64,6478861,2304800,2301432,195472,60941631,1050.19,1867716,2477027,1,1.1042,12799360000
er,20000,319858,adjlist,bfs,4,64,6478861,2304800,2301432,390944,33288160,1922.61,1868527,3627035,1,1.2044,12799360000
er,20000,319858,adjlist,bfs,1,512,6478861,2304800,2301432,97736,1006762843,508.56,1905127,3078535,1,1.0725,102394880000
er,20000,319858,adjlist,bfs,2,512,6478861,2304800,2301432,195472,471499230,1085.90,1756385,3226827,1,1.1871,102394880000
er,20000,319858,adjlist,bfs,4,512,6478861,2304800,2301432,390944,231178140,2214.74,1752813,2675801,1,1.0516,102394880000
er,20000,319858,adjlist,bfs-batch,1,64,6478861,2304800,2301432,97736,81541861,784.87,1239427,1749855,1,1.1069,12799360000
er,20000,319858,adjlist,bfs-batch,2,64,6478861,2304800,2301432,195472,40590946,1576.71,1259519,1647359,1,1.0851,12799360000
er,20000,319858,adjlist,bfs-batch,4,64,6478861,2304800,2301432,390944,21124073,3029.72,1211778,2092533,1,1.1359,12799360000
er,20000,319858,adjlist,bfs-batch,1,512,6478861,2304800,2301432,97736,568791003,900.15,1090419,1359574,1,1.2614,102394880000
er,20000,319858,adjlist,bfs-batch,2,512,6478861,2304800,2301432,195472,338765720,1511.37,1288586,2470177,1,1.1188,102394880000
er,20000,319858,adjlist,bfs-batch,4,512,6478861,2304800,2301432,390944,166311613,3078.56,1243185,2125254,1,1.1934,102394880000
er,20000,319858,adjlist,dfs,1,64,6478861,2304800,2301432,699848,155795009,410.80,2359893,4443665,1,1.3101,12799360000
er,20000,319858,adjlist,dfs,2,64,6478861,2304800,2301432,1399696,84898428,753.84,2603368,6167233,1,1.2095,12799360000
er,20000,319858,adjlist,dfs,4,64,6478861,2304800,2301432,2799392,45339712,1411.57,2537977,5542621,1,1.1271,12799360000
er,20000,319858,adjlist,dfs,1,512,6478861,2304800,2301432,699848,1197903299,427.41,2279405,3204857,1,1.1356,102394880000
er,20000,319858,adjlist,dfs,2,512,6478861,2304800,2301432,1399696,621363435,823.99,2333699,3722498,1,1.1442,102394880000
er,20000,319858,adjlist,dfs,4,512,6478861,2304800,2301432,2799392,322183833,1589.15,2440050,3963824,1,1.0417,102394880000
er,20000,319858,adjlist-exact,bfs,1,64,4297096,1883096,1759456,97736,89081612,718.44,1374583,1724231,1,1.1133,12799360000
er,20000,319858,adjlist-exact,bfs,2,64,4297096,1883096,1759456,195472,49045868,1304.90,1428436,3248157,1,1.1432,12799360000
er,20000,319858,adjlist-exact,bfs,4,64,4297096,1883096,1759456,390944,24687075,2592.45,1450008,2161235,1,1.0848,12799360000
er,20000,319858,adjlist-exact,bfs,1,512,4297096,1883096,1759456,97736,804833230,636.16,1500728,2732709,1,1.0967,102394880000
er,20000,319858,adjlist-exact,bfs,2,512,4297096,1883096,1759456,195472,351851369,1455.16,1344114,2061704,1,1.2549,102394880000
er,20000,319858,adjlist-exact,bfs,4,512,4297096,1883096,1759456,390944,192902257,2654.19,1419408,2895325,1,1.1609,102394880000
er,20000,319858,adjlist-exact,bfs-batch,1,64,4297096,1883096,1759456,97736,75046480,852.80,1152900,1483367,1,1.0802,12799360000
er,20000,319858,adjlist-exact,bfs-batch,2,64,4297096,1883096,1759456,195472,37196849,1720.58,1139655,1447677,1,1.2942,12799360000
er,20000,319858,adjlist-exact,bfs-batch,4,64,4297096,1883096,1759456,390944,20403110,3136.78,1215626,1555052,1,1.0696,12799360000
er,20000,319858,adjlist-exact,bfs-batch,1,512,4297096,1883096,1759456,97736,598681928,855.21,1154569,1633840,1,1.1429,102394880000
er,20000,319858,adjlist-exact,bfs-batch,2,512,4297096,1883096,1759456,195472,307103267,1667.19,1168790,1585611,1,1.0474,102394880000
er,20000,319858,adjlist-exact,bfs-batch,4,512,4297096,1883096,1759456,390944,155002479,3303.17,1170961,1772853,1,1.2450,102394880000
er,20000,319858,adjlist-exact,dfs,1,64,4297096,1883096,1759456,699848,143629182,445.59,2251481,3809159,1,1.2099,12799360000
er,20000,319858,adjlist-exact,dfs,2,64,4297096,1883096,1759456,1399696,70186121,911.86,2116391,3642218,1,1.0592,12799360000
er,20000,319858,adjlist-exact,dfs,4,64,4297096,1883096,1759456,2799392,35181572,1819.13,1995863,4472249,1,1.0764,12799360000
er,20000,319858,adjlist-exact,dfs,1,512,4297096,1883096,1759456,699848,1126653813,454.44,2176581,2916035,1,1.0761,102394880000
er,20000,319858,adjlist-exact,dfs,2,512,4297096,1883096,1759456,1399696,569860668,898.47,2213822,2793998,1,1.0374,102394880000
er,20000,319858,adjlist-exact,dfs,4,512,4297096,1883096,1759456,2799392,285438326,1793.73,2108261,4039929,1,1.0790,102394880000
er,20000,319858,csr,bfs,1,64,2576979,1368112,1359484,97736,59840944,1069.50,921026,1401764,1,1.3344,12799360000
er,20000,319858,csr,bfs,2,64,2576979,1368112,1359484,195472,36668313,1745.38,1119070,1661976,1,1.0307,12799360000
er,20000,319858,csr,bfs,4,64,2576979,1368112,1359484,390944,17652336,3625.58,1099630,1409149,1,1.2585,12799360000
er,20000,319858,csr,bfs,1,512,2576979,1368112,1359484,97736,536998836,953.45,1023492,1511798,1,1.3184,102394880000
er,20000,319858,csr,bfs,2,512,2576979,1368112,1359484,195472,283017606,1809.07,1099907,1681506,1,1.3330,102394880000
er,20000,319858,csr,bfs,4,512,2576979,1368112,1359484,390944,152496434,3357.46,1139523,2359418,1,1.1774,102394880000
er,20000,319858,csr,bfs-batch,1,64,2576979,1368112,1359484,97736,61651719,1038.09,939889,1293484,1,1.1003,12799360000
er,20000,319858,csr,bfs-batch,2,64,2576979,1368112,1359484,195472,27807286,2301.56,801088,1352831,1,1.2809,12799360000
er,20000,319858,csr,bfs-batch,4,64,2576979,1368112,1359484,390944,16086634,3978.46,931008,1584915,1,1.1271,12799360000
er,20000,319858,csr,bfs-batch,1,512,2576979,1368112,1359484,97736,504030128,1015.81,957683,1235562,1,1.0512,102394880000
er,20000,319858,csr,bfs-batch,2,512,2576979,1368112,1359484,195472,244041289,2098.01,916109,1693321,1,1.3090,102394880000
er,20000,319858,csr,bfs-batch,4,512,2576979,1368112,1359484,390944,113342819,4517.27,856897,1287182,1,1.0975,102394880000
er,20000,319858,csr,dfs,1,64,2576979,1368112,1359484,699848,109220878,585.97,1651050,2624639,1,1.1854,12799360000
er,20000,319858,csr,dfs,2,64,2576979,1368112,1359484,1399696,64566777,991.22,1850058,3820572,1,1.1714,12799360000
er,20000,319858,csr,dfs,4,64,2576979,1368112,1359484,2799392,30392911,2105.75,1744994,3985209,1,1.1865,12799360000
er,20000,319858,csr,dfs,1,512,2576979,1368112,1359484,699848,880279106,581.63,1708707,2296863,1,1.1553,102394880000
er,20000,319858,csr,dfs,2,512,2576979,1368112,1359484,1399696,434154646,1179.30,1669934,2062383,1,1.1103,102394880000
er,20000,319858,csr,dfs,4,512,2576979,1368112,1359484,2799392,236124240,2168.35,1794234,4172351,1,1.1324,102394880000
er,20000,319858,csr-slices,bfs,1,64,3371373,1769520,1759480,97736,93615645,683.65,1431523,2405906,1,1.5093,12799360000
er,20000,319858,csr-slices,bfs,2,64,3371373,1769520,1759480,195472,45970368,1392.20,1372141,2072666,1,1.1357,12799360000
er,20000,319858,csr-slices,bfs,4,64,3371373,1769520,1759480,390944,25982450,2463.20,1509797,2259744,1,1.4691,12799360000
er,20000,319858,csr-slices,bfs,1,512,3371373,1769520,1759480,97736,697302449,734.26,1330185,1825927,1,1.1719,102394880000
er,20000,319858,csr-slices,bfs,2,512,3371373,1769520,1759480,195472,376007021,1361.68,1425504,2582711,1,1.0802,102394880000
er,20000,319858,csr-slices,bfs,4,512,3371373,1769520,1759480,390944,200748336,2550.46,1466232,3211527,1,1.1153,102394880000
er,20000,319858,csr-slices,bfs-batch,1,64,3371373,1769520,1759480,97736,71595882,893.91,1101207,1552507,1,2.0121,12799360000
er,20000,319858,csr-slices,bfs-batch,2,64,3371373,1769520,1759480,195472,39487821,1620.75,1180238,1737114,1,1.1174,12799360000
er,20000,319858,csr-slices,bfs-batch,4,64,3371373,1769520,1759480,390944,20229833,3163.64,1170539,1683840,1,1.2264,12799360000
er,20000,319858,csr-slices,bfs-batch,1,512,3371373,1769520,1759480,97736,542285488,944.15,1013161,1964809,1,1.2108,102394880000
er,20000,319858,csr-slices,bfs-batch,2,512,3371373,1769520,1759480,195472,313070897,1635.41,1131122,2376956,1,1.1118,102394880000
er,20000,319858,csr-slices,bfs-batch,4,512,3371373,1769520,1759480,390944,152493461,3357.52,1092697,2249715,1,1.1381,102394880000
er,20000,319858,csr-slices,dfs,1,64,3371373,1769520,1759480,699848,138029577,463.67,2063690,4555841,1,1.0491,12799360000
er,20000,319858,csr-slices,dfs,2,64,3371373,1769520,1759480,1399696,69389101,922.34,2085571,3909160,1,1.3069,12799360000
er,20000,319858,csr-slices,dfs,4,64,3371373,1769520,1759480,2799392,36532567,1751.86,2084172,5265996,1,1.1044,12799360000
er,20000,319858,csr-slices,dfs,1,512,3371373,1769520,1759480,699848,1025748266,499.15,1967795,2881317,1,1.0975,102394880000
er,20000,319858,csr-slices,dfs,2,512,3371373,1769520,1759480,1399696,510441651,1003.05,2008266,3524247,1,1.0848,102394880000
er,20000,319858,csr-slices,dfs,4,512,3371373,1769520,1759480,2799392,270709394,1891.33,2051083,3134701,1,1.1351,102394880000
er,20000,319858,edgelist,bfs,1,64,1560750,2564128,2558888,97736,272970321,234.46,4252000,4786503,1,1.1821,12799360000
er,20000,319858,edgelist,bfs,2,64,1560750,2564128,2558888,195472,139232076,459.66,4232900,6544261,1,1.0711,12799360000
er,20000,319858,edgelist,bfs,4,64,1560750,2564128,2558888,390944,72112403,887.50,4293714,5412982,1,1.2077,12799360000
er,20000,319858,edgelist,bfs,1,512,1560750,2564128,2558888,97736,2024558122,252.89,3903930,4703567,1,1.0949,102394880000
er,20000,319858,edgelist,bfs,2,512,1560750,2564128,2558888,195472,1012716051,505.57,3666248,6042823,1,1.1152,102394880000
er,20000,319858,edgelist,bfs,4,512,1560750,2564128,2558888,390944,510982187,1001.99,3807617,5816778,1,1.1461,102394880000
er,20000,319858,edgelist,bfs-batch,1,64,1560750,2564128,2558888,97736,216600800,295.47,3363524,3763595,1,1.2395,12799360000
er,20000,319858,edgelist,bfs-batch,2,64,1560750,2564128,2558888,195472,109423833,584.88,3344158,3671131,1,1.2785,12799360000
er,20000,319858,edgelist,bfs-batch,4,64,1560750,2564128,2558888,390944,65222780,981.25,3889251,7012561,1,1.2734,12799360000
er,20000,319858,edgelist,bfs-batch,1,512,1560750,2564128,2558888,97736,2059006736,248.66,3944116,6005312,1,1.1352,102394880000
er,20000,319858,edgelist,bfs-batch,2,512,1560750,2564128,2558888,195472,975785102,524.71,3583536,6236323,1,1.1394,102394880000
er,20000,319858,edgelist,bfs-batch,4,512,1560750,2564128,2558888,390944,540981103,946.43,4171139,5617147,1,1.0392,102394880000
er,20000,319858,edgelist,dfs,1,64,1560750,2564128,2558888,699848,231375984,276.61,3382380,6583530,1,1.3177,12799360000
er,20000,319858,edgelist,dfs,2,64,1560750,2564128,2558888,1399696,117641594,544.03,3529698,6259789,1,1.1827,12799360000
er,20000,319858,edgelist,dfs,4,64,1560750,2564128,2558888,2799392,70806494,903.87,4175285,6983291,1,1.0609,12799360000
er,20000,319858,edgelist,dfs,1,512,1560750,2564128,2558888,699848,1982247106,258.29,3834895,5467266,1,1.0864,102394880000
er,20000,319858,edgelist,dfs,2,512,1560750,2564128,2558888,1399696,963285757,531.51,3830942,4743556,1,1.1395,102394880000
er,20000,319858,edgelist,dfs,4,512,1560750,2564128,2558888,2799392,518734071,987.02,3927336,6929239,1,1.0665,102394880000
er,20000,319858,varint-csr,bfs,1,64,5120746,761920,759768,97736,122944611,520.56,1894931,2963371,1,1.5457,12799360000
er,20000,319858,varint-csr,bfs,2,64,5120746,761920,759768,195472,69566786,919.98,1979705,2985443,1,1.2004,12799360000
er,20000,319858,varint-csr,bfs,4,64,5120746,761920,759768,390944,35384608,1808.70,2055628,2943877,1,1.1582,12799360000
er,20000,319858,varint-csr,bfs,1,512,5120746,761920,759768,97736,958809128,534.00,1861154,2180221,1,1.2378,102394880000
er,20000,319858,varint-csr,bfs,2,512,5120746,761920,759768,195472,577904268,885.96,2345183,3944050,1,1.1660,102394880000
er,20000,319858,varint-csr,bfs,4,512,5120746,761920,759768,390944,282035705,1815.37,2223813,3780688,1,1.1344,102394880000
er,20000,319858,varint-csr,bfs-batch,1,64,5120746,761920,759768,97736,157330763,406.79,2430395,3041849,1,1.2652,12799360000
er,20000,319858,varint-csr,bfs-batch,2,64,5120746,761920,759768,195472,75766242,844.70,2311408,3055227,1,1.1754,12799360000
er,20000,319858,varint-csr,bfs-batch,4,64,5120746,761920,759768,390944,39444060,1622.55,2371525,3522235,1,1.1675,12799360000
er,20000,319858,varint-csr,bfs-batch,1,512,5120746,761920,759768,97736,1216204899,420.98,2360585,3315437,1,1.0497,102394880000
er,20000,319858,varint-csr,bfs-batch,2,512,5120746,761920,759768,195472,589183072,869.00,2347472,2946219,1,1.0845,102394880000
er,20000,319858,varint-csr,bfs-batch,4,512,5120746,761920,759768,390944,290851781,1760.35,2323271,2999172,1,1.1187,102394880000
er,20000,319858,varint-csr,dfs,1,64,5120746,761920,759768,699848,174070165,367.67,2573683,7697969,1,1.1339,12799360000
er,20000,319858,varint-csr,dfs,2,64,5120746,761920,759768,1399696,90170016,709.77,2840633,4874947,1,1.1265,12799360000
er,20000,319858,varint-csr,dfs,4,64,5120746,761920,759768,2799392,45962389,1392.44,2387622,8284807,1,1.3060,12799360000
er,20000,319858,varint-csr,dfs,1,512,5120746,761920,759768,699848,1383271046,370.14,2629537,4651420,1,1.0804,102394880000
er,20000,319858,varint-csr,dfs,2,512,5120746,761920,759768,1399696,689612136,742.45,2576046,4457099,1,1.1441,102394880000
er,20000,319858,varint-csr,dfs,4,512,5120746,761920,759768,2799392,391422589,1308.05,2912758,5396257,1,1.0840,102394880000
er,20000,319858,hybrid,bfs,1,64,6858425,1452816,1442060,97736,78282612,817.55,1192839,1712661,1,1.3550,12799360000
er,20000,319858,hybrid,bfs,2,64,6858425,1452816,1442060,195472,43213414,1481.02,1302716,1988602,1,1.0513,12799360000
er,20000,319858,hybrid,bfs,4,64,6858425,1452816,1442060,390944,22537203,2839.75,1248358,2415665,1,1.0696,12799360000
er,20000,319858,hybrid,bfs,1,512,6858425,1452816,1442060,97736,568629544,900.41,1104922,1214837,1,1.2387,102394880000
er,20000,319858,hybrid,bfs,2,512,6858425,1452816,1442060,195472,297630487,1720.25,1143795,1453834,1,1.1892,102394880000
er,20000,319858,hybrid,bfs,4,512,6858425,1452816,1442060,390944,157972157,3241.08,1233722,1720234,1,1.0728,102394880000
er,20000,319858,hybrid,bfs-batch,1,64,6858425,1452816,1442060,97736,60262165,1062.03,926791,1174585,1,1.0341,12799360000
er,20000,319858,hybrid,bfs-batch,2,64,6858425,1452816,1442060,195472,30089949,2126.96,902727,1398381,1,1.0486,12799360000
er,20000,319858,hybrid,bfs-batch,4,64,6858425,1452816,1442060,390944,15544503,4117.21,924647,1520664,1,1.2416,12799360000
er,20000,319858,hybrid,bfs-batch,1,512,6858425,1452816,1442060,97736,476432216,1074.65,900107,1463834,1,1.1310,102394880000
er,20000,319858,hybrid,bfs-batch,2,512,6858425,1452816,1442060,195472,230534890,2220.92,872587,1361369,1,1.1776,102394880000
er,20000,319858,hybrid,bfs-batch,4,512,6858425,1452816,1442060,390944,122550529,4177.87,931746,1940004,1,1.1491,102394880000
er,20000,319858,hybrid,dfs,1,64,6858425,1452816,1442060,699848,115717695,553.07,1750955,3206996,1,1.1464,12799360000
er,20000,319858,hybrid,dfs,2,64,6858425,1452816,1442060,1399696,59581657,1074.16,1776814,3982138,1,1.2123,12799360000
er,20000,319858,hybrid,dfs,4,64,6858425,1452816,1442060,2799392,31226254,2049.56,1799514,3980576,1,1.1141,12799360000
er,20000,319858,hybrid,dfs,1,512,6858425,1452816,1442060,699848,853661067,599.77,1616543,2364545,1,1.1151,102394880000
er,20000,319858,hybrid,dfs,2,512,6858425,1452816,1442060,1399696,413088067,1239.45,1572580,2170187,1,1.2447,102394880000
er,20000,319858,hybrid,dfs,4,512,6858425,1452816,1442060,2799392,223630196,2289.49,1661880,3441165,1,1.1122,102394880000
er,20000,319858,bitmatrix,bfs,1,64,28446462,50085936,50080024,97736,707768612,90.43,11051974,11763088,1,1.1685,12799360000
er,20000,319858,bitmatrix,bfs,2,64,28446462,50085936,50080024,195472,358637655,178.45,10917394,13452539,1,1.0943,12799360000
er,20000,319858,bitmatrix,bfs,4,64,28446462,50085936,50080024,390944,178355020,358.83,10524422,12222986,1,1.1773,12799360000
er,20000,319858,bitmatrix,bfs,1,512,28446462,50085936,50080024,97736,5953798376,86.00,11076783,15688750,1,1.0408,102394880000
er,20000,319858,bitmatrix,bfs,2,512,28446462,50085936,50080024,195472,2843846675,180.04,10498606,14834007,1,1.0467,102394880000
er,20000,319858,bitmatrix,bfs,4,512,28446462,50085936,50080024,390944,1450621572,352.95,10908401,13896913,1,1.0587,102394880000
er,20000,319858,bitmatrix,bfs-batch,1,64,28446462,50085936,50080024,97736,641602122,99.75,9703543,12409010,1,1.1859,12799360000
er,20000,319858,bitmatrix,bfs-batch,2,64,28446462,50085936,50080024,195472,303461911,210.90,9536071,10880817,1,1.1573,12799360000
er,20000,319858,bitmatrix,bfs-batch,4,64,28446462,50085936,50080024,390944,174335097,367.11,10246064,12924742,1,1.1206,12799360000
er,20000,319858,bitmatrix,bfs-batch,1,512,28446462,50085936,50080024,97736,5533233898,92.53,10472539,14801983,1,1.0857,102394880000
er,20000,319858,bitmatrix,bfs-batch,2,512,28446462,50085936,50080024,195472,2761966742,185.38,11110989,14140729,1,1.0915,102394880000
er,20000,319858,bitmatrix,bfs-batch,4,512,28446462,50085936,50080024,390944,1399894518,365.74,10376355,20793998,1,1.0685,102394880000
er,20000,319858,bitmatrix,dfs,1,64,28446462,50085936,50080024,699848,657880070,97.28,10259868,11586292,1,1.2367,12799360000
er,20000,319858,bitmatrix,dfs,2,64,28446462,50085936,50080024,1399696,352619655,181.50,10281871,12849439,1,1.1308,12799360000
er,20000,319858,bitmatrix,dfs,4,64,28446462,50085936,50080024,2799392,186089593,343.92,11158932,13317126,1,1.0799,12799360000
er,20000,319858,bitmatrix,dfs,1,512,28446462,50085936,50080024,699848,6115136763,83.73,12226168,15064021,1,1.0484,102394880000
er,20000,319858,bitmatrix,dfs,2,512,28446462,50085936,50080024,1399696,2868929307,178.46,10964350,13680520,1,1.0618,102394880000
er,20000,319858,bitmatrix,dfs,4,512,28446462,50085936,50080024,2799392,1482866529,345.28,11524929,14536853,1,1.0999,102394880000
rmat,32768,467546,adjmap,bfs,1,64,14785768,3856416,3529712,99328,172825461,370.32,2551724,4220328,1,1.1845,19093875328
rmat,32768,467546,adjmap,bfs,2,64,14785768,3856416,3529712,198656,77973594,820.79,2432627,3180876,1,1.2599,19093875328
rmat,32768,467546,adjmap,bfs,4,64,14785768,3856416,3529712,397312,43778647,1461.90,2670638,3091961,1,1.1449,19093875328
rmat,32768,467546,adjmap,bfs,1,512,14785768,3856416,3529712,99328,1209130328,423.44,2325776,2865721,1,1.1886,152751002624
rmat,32768,467546,adjmap,bfs,2,512,14785768,3856416,3529712,198656,608741569,841.08,2256678,4174926,1,1.2746,152751002624
rmat,32768,467546,adjmap,bfs,4,512,14785768,3856416,3529712,397312,341006608,1501.44,2589284,4515588,1,1.0764,152751002624
rmat,32768,467546,adjmap,bfs-batch,1,64,14785768,3856416,3529712,114688,142124552,450.31,2182455,3307688,1,1.1626,18795583183
rmat,32768,467546,adjmap,bfs-batch,2,64,14785768,3856416,3529712,229376,74934767,854.08,2401573,2882583,1,1.1557,18795583183
rmat,32768,467546,adjmap,bfs-batch,4,64,14785768,3856416,3529712,461440,38877443,1646.20,2375609,3068632,1,1.1047,18795583183
rmat,32768,467546,adjmap,bfs-batch,1,512,14785768,3856416,3529712,114688,1217288052,420.61,2212144,3520873,1,1.0668,152751002624
rmat,32768,467546,adjmap,bfs-batch,2,512,14785768,3856416,3529712,231424,635456447,805.72,2346134,3502172,1,1.0628,152751002624
rmat,32768,467546,adjmap,bfs-batch,4,512,14785768,3856416,3529712,460800,320563619,1597.19,2484558,3248402,1,1.0370,152751002624
rmat,32768,467546,adjmap,dfs,1,64,14785768,3856416,3529712,1053696,269766354,237.24,4140339,7248719,1,1.1910,19093875328
rmat,32768,467546,adjmap,dfs,2,64,14785768,3856416,3529712,2107392,141674728,451.74,4362254,6638675,1,1.1827,19093875328
rmat,32768,467546,adjmap,dfs,4,64,14785768,3856416,3529712,4214784,81166378,788.50,4820866,9148106,1,1.1373,19093875328
rmat,32768,467546,adjmap,dfs,1,512,14785768,3856416,3529712,1053696,2262824635,226.27,4305209,5787907,1,1.1108,152154405320
rmat,32768,467546,adjmap,dfs,2,512,14785768,3856416,3529712,2107392,1206540023,424.35,4576812,6136815,1,1.0640,152154405320
rmat,32768,467546,adjmap,dfs,4,512,14785768,3856416,3529712,4214784,613440976,834.64,4677655,7184599,1,1.0508,152154405320
rmat,32768,467546,adjlist,bfs,1,64,6845770,3331296,3305048,99328,108947499,587.44,1694043,2136835,1,1.2743,19093875328
rmat,32768,467546,adjlist,bfs,2,64,6845770,3331296,3305048,198656,55369434,1155.87,1665611,3335156,1,1.2623,19093875328
rmat,32768,467546,adjlist,bfs,4,64,6845770,3331296,3305048,397312,31657745,2021.62,1875770,3131861,1,1.1564,19093875328
rmat,32768,467546,adjlist,bfs,1,512,6845770,3331296,3305048,99328,904675751,565.95,1740918,2401385,1,1.1068,152751002624
rmat,32768,467546,adjlist,bfs,2,512,6845770,3331296,3305048,198656,472851473,1082.79,1720707,2706749,1,1.1658,152751002624
rmat,32768,467546,adjlist,bfs,4,512,6845770,3331296,3305048,397312,221211674,2314.53,1693023,2259341,1,1.1373,152751002624
rmat,32768,467546,adjlist,bfs-batch,1,64,6845770,3331296,3305048,114688,78464754,815.65,1243983,1513845,1,1.0646,18795583183
rmat,32768,467546,adjlist,bfs-batch,2,64,6845770,3331296,3305048,229376,39314428,1627.90,1209934,1581483,1,1.2082,18795583183
rmat,32768,467546,adjlist,bfs-batch,4,64,6845770,3331296,3305048,461440,21535518,2971.83,1263418,1744196,1,1.1561,18795583183
rmat,32768,467546,adjlist,bfs-batch,1,512,6845770,3331296,3305048,114688,712036263,719.06,1343628,1923192,1,1.1325,152751002624
rmat,32768,467546,adjlist,bfs-batch,2,512,6845770,3331296,3305048,231424,356827905,1434.87,1381682,1632405,1,1.1095,152751002624
rmat,32768,467546,adjlist,bfs-batch,4,512,6845770,3331296,3305048,460800,172894632,2961.34,1328022,1707614,1,1.1137,152751002624
rmat,32768,467546,adjlist,dfs,1,64,6845770,3331296,3305048,1053696,224239631,285.41,3508577,4984853,1,1.0596,19093875328
rmat,32768,467546,adjlist,dfs,2,64,6845770,3331296,3305048,2107392,121185963,528.11,3824378,6220599,1,1.3013,19093875328
rmat,32768,467546,adjlist,dfs,4,64,6845770,3331296,3305048,4214784,72418151,883.76,4049945,9717128,1,1.1161,19093875328
rmat,32768,467546,adjlist,dfs,1,512,6845770,3331296,3305048,1053696,2023574281,253.02,3892362,5514379,1,1.0968,152154405320
rmat,32768,467546,adjlist,dfs,2,512,6845770,3331296,3305048,2107392,1012376050,505.74,4038540,5977426,1,1.3047,152154405320
rmat,32768,467546,adjlist,dfs,4,512,6845770,3331296,3305048,4214784,524886777,975.45,4045347,5899170,1,1.0341,152154405320
rmat,32768,467546,adjlist-exact,bfs,1,64,5529691,2787904,2656640,99328,94410593,677.89,1460749,2003458,1,1.2277,19093875328
rmat,32768,467546,adjlist-exact,bfs,2,64,5529691,2787904,2656640,198656,55585594,1151.38,1712909,3327645,1,1.1825,19093875328
rmat,32768,467546,adjlist-exact,bfs,4,64,5529691,2787904,2656640,397312,29580205,2163.61,1752630,2736741,1,1.1912,19093875328
rmat,32768,467546,adjlist-exact,bfs,1,512,5529691,2787904,2656640,99328,890881622,574.71,1728239,2097435,1,1.0970,152751002624
rmat,32768,467546,adjlist-exact,bfs,2,512,5529691,2787904,2656640,198656,434392632,1178.66,1668392,2480952,1,1.0616,152751002624
rmat,32768,467546,adjlist-exact,bfs,4,512,5529691,2787904,2656640,397312,223061771,2295.33,1698869,2546249,1,1.0958,152751002624
rmat,32768,467546,adjlist-exact,bfs-batch,1,64,5529691,2787904,2656640,114688,65452965,977.80,1012715,1285670,1,1.0556,18795583183
rmat,32768,467546,adjlist-exact,bfs-batch,2,64,5529691,2787904,2656640,229376,39999314,1600.03,1245324,1437134,1,1.1193,18795583183
rmat,32768,467546,adjlist-exact,bfs-batch,4,64,5529691,2787904,2656640,461440,20478373,3125.25,1263930,1524796,1,1.4980,18795583183
rmat,32768,467546,adjlist-exact,bfs-batch,1,512,5529691,2787904,2656640,114688,640101135,799.87,1229270,1603052,1,1.1073,152751002624
rmat,32768,467546,adjlist-exact,bfs-batch,2,512,5529691,2787904,2656640,231424,308537108,1659.44,1186861,1567769,1,1.2533,152751002624
rmat,32768,467546,adjlist-exact,bfs-batch,4,512,5529691,2787904,2656640,460800,161248959,3175.21,1237135,1702185,1,1.0931,152751002624
rmat,32768,467546,adjlist-exact,dfs,1,64,5529691,2787904,2656640,1053696,233500928,274.09,3619405,4432472,1,1.0588,19093875328
rmat,32768,467546,adjlist-exact,dfs,2,64,5529691,2787904,2656640,2107392,119368847,536.15,3705696,6718174,1,1.0612,19093875328
rmat,32768,467546,adjlist-exact,dfs,4,64,5529691,2787904,2656640,4214784,61343519,1043.30,3564769,6573453,1,1.2271,19093875328
rmat,32768,467546,adjlist-exact,dfs,1,512,5529691,2787904,2656640,1053696,1771397451,289.04,3417039,4784530,1,1.1435,152154405320
rmat,32768,467546,adjlist-exact,dfs,2,512,5529691,2787904,2656640,2107392,971565397,526.98,3777711,6650554,1,1.0470,152154405320
rmat,32768,467546,adjlist-exact,dfs,4,512,5529691,2787904,2656640,4214784,480272496,1066.06,3785944,6042297,1,1.1150,152154405320
rmat,32768,467546,csr,bfs,1,64,3530085,2015280,2001308,99328,99474388,643.38,1548374,2075471,1,1.4938,19093875328
rmat,32768,467546,csr,bfs,2,64,3530085,2015280,2001308,198656,46359544,1380.51,1489354,1869457,1,1.2141,19093875328
rmat,32768,467546,csr,bfs,4,64,3530085,2015280,2001308,397312,24908460,2569.41,1515777,2765945,1,1.1332,19093875328
rmat,32768,467546,csr,bfs,1,512,3530085,2015280,2001308,99328,749054156,683.53,1493840,2782035,1,1.0630,152751002624
rmat,32768,467546,csr,bfs,2,512,3530085,2015280,2001308,198656,372647826,1373.95,1477253,2011620,1,1.1352,152751002624
rmat,32768,467546,csr,bfs,4,512,3530085,2015280,2001308,397312,186486318,2745.51,1488501,2056925,1,1.0476,152751002624
rmat,32768,467546,csr,bfs-batch,1,64,3530085,2015280,2001308,114688,67980783,941.44,1062255,1254537,1,1.1467,18795583183
rmat,32768,467546,csr,bfs-batch,2,64,3530085,2015280,2001308,229376,36178110,1769.03,1109605,1742566,1,1.0326,18795583183
rmat,32768,467546,csr,bfs-batch,4,64,3530085,2015280,2001308,461440,16987751,3767.42,1076595,1346468,1,1.3515,18795583183
rmat,32768,467546,csr,bfs-batch,1,512,3530085,2015280,2001308,114688,476251594,1075.06,914036,1139826,1,1.2732,152751002624
rmat,32768,467546,csr,bfs-batch,2,512,3530085,2015280,2001308,231424,277180106,1847.17,1074232,1521293,1,1.0506,152751002624
rmat,32768,467546,csr,bfs-batch,4,512,3530085,2015280,2001308,460800,131266728,3900.46,997663,1412746,1,1.2256,152751002624
rmat,32768,467546,csr,dfs,1,64,3530085,2015280,2001308,1053696,171469594,373.24,2638076,4165061,1,1.0385,19093875328
rmat,32768,467546,csr,dfs,2,64,3530085,2015280,2001308,2107392,94343944,678.37,2932103,6238649,1,1.2287,19093875328
rmat,32768,467546,csr,dfs,4,64,3530085,2015280,2001308,4214784,55848935,1145.95,3243643,7125312,1,1.2407,19093875328
rmat,32768,467546,csr,dfs,1,512,3530085,2015280,2001308,1053696,1608301984,318.35,2888820,4783000,1,1.1088,152154405320
rmat,32768,467546,csr,dfs,2,512,3530085,2015280,2001308,2107392,834934950,613.22,3169734,4462521,1,1.0553,152154405320
rmat,32768,467546,csr,dfs,4,512,3530085,2015280,2001308,4214784,387292531,1322.00,2919687,4531448,1,1.1720,152154405320
rmat,32768,467546,csr-slices,bfs,1,64,5354757,2662448,2656664,99328,111825093,572.32,1753602,1956714,1,1.1106,19093875328
rmat,32768,467546,csr-slices,bfs,2,64,5354757,2662448,2656664,198656,58743458,1089.48,1801244,2208894,1,1.0835,19093875328
rmat,32768,467546,csr-slices,bfs,4,64,5354757,2662448,2656664,397312,28486007,2246.72,1738879,2129284,1,1.1236,19093875328
rmat,32768,467546,csr-slices,bfs,1,512,5354757,2662448,2656664,99328,920523548,556.21,1795450,2024914,1,1.2365,152751002624
rmat,32768,467546,csr-slices,bfs,2,512,5354757,2662448,2656664,198656,475268019,1077.29,1781650,3146144,1,1.0668,152751002624
rmat,32768,467546,csr-slices,bfs,4,512,5354757,2662448,2656664,397312,216631120,2363.46,1689795,2273632,1,1.0852,152751002624
rmat,32768,467546,csr-slices,bfs-batch,1,64,5354757,2662448,2656664,114688,79648626,803.53,1252089,1477223,1,1.1246,18795583183
rmat,32768,467546,csr-slices,bfs-batch,2,64,5354757,2662448,2656664,229376,40788214,1569.08,1235055,2073058,1,1.1690,18795583183
rmat,32768,467546,csr-slices,bfs-batch,4,64,5354757,2662448,2656664,461440,22782488,2809.18,1301082,2216098,1,1.0891,18795583183
rmat,32768,467546,csr-slices,bfs-batch,1,512,5354757,2662448,2656664,114688,610159152,839.13,1178017,1502057,1,1.0890,152751002624
rmat,32768,467546,csr-slices,bfs-batch,2,512,5354757,2662448,2656664,231424,311012573,1646.24,1177702,1948068,1,1.0967,152751002624
rmat,32768,467546,csr-slices,bfs-batch,4,512,5354757,2662448,2656664,460800,154721490,3309.17,1178940,2059093,1,1.0588,152751002624
rmat,32768,467546,csr-slices,dfs,1,64,5354757,2662448,2656664,1053696,248413334,257.64,3817230,6266241,1,1.1428,19093875328
rmat,32768,467546,csr-slices,dfs,2,64,5354757,2662448,2656664,2107392,119693317,534.70,3559432,7412399,1,1.1148,19093875328
rmat,32768,467546,csr-slices,dfs,4,64,5354757,2662448,2656664,4214784,66418605,963.59,3834773,6690820,1,1.3061,19093875328
rmat,32768,467546,csr-slices,dfs,1,512,5354757,2662448,2656664,1053696,1798555222,284.67,3392803,4898848,1,1.1743,152154405320
rmat,32768,467546,csr-slices,dfs,2,512,5354757,2662448,2656664,2107392,960918667,532.82,3660545,5361644,1,1.1940,152154405320
rmat,32768,467546,csr-slices,dfs,4,512,5354757,2662448,2656664,4214784,457419992,1119.32,3450990,5637335,1,1.1678,152154405320
rmat,32768,467546,edgelist,bfs,1,64,2424780,3743872,3740392,99328,263031519,243.32,4039198,5590746,1,1.0384,19093875328
rmat,32768,467546,edgelist,bfs,2,64,2424780,3743872,3740392,198656,126780310,504.81,3857520,4794859,1,1.4001,19093875328
rmat,32768,467546,edgelist,bfs,4,64,2424780,3743872,3740392,397312,69130240,925.79,4093292,5753626,1,1.1225,19093875328
rmat,32768,467546,edgelist,bfs,1,512,2424780,3743872,3740392,99328,1641023167,312.00,3185261,3525622,1,1.2914,152751002624
rmat,32768,467546,edgelist,bfs,2,512,2424780,3743872,3740392,198656,973991627,525.67,3744212,4521195,1,1.1003,152751002624
rmat,32768,467546,edgelist,bfs,4,512,2424780,3743872,3740392,397312,500474494,1023.03,3945184,5464869,1,1.0785,152751002624
rmat,32768,467546,edgelist,bfs-batch,1,64,2424780,3743872,3740392,114688,204130414,313.53,3082391,5050018,1,1.2823,18795583183
rmat,32768,467546,edgelist,bfs-batch,2,64,2424780,3743872,3740392,229376,112776828,567.49,3719390,4346483,1,1.1340,18795583183
rmat,32768,467546,edgelist,bfs-batch,4,64,2424780,3743872,3740392,458752,58747947,1089.40,3639289,4277909,1,1.1059,18795583183
rmat,32768,467546,edgelist,bfs-batch,1,512,2424780,3743872,3740392,114688,1887830933,271.21,3665796,5731762,1,1.0964,152751002624
rmat,32768,467546,edgelist,bfs-batch,2,512,2424780,3743872,3740392,229376,914083565,560.12,3427485,5633957,1,1.1092,152751002624
rmat,32768,467546,edgelist,bfs-batch,4,512,2424780,3743872,3740392,458752,504863095,1014.14,3859971,5450466,1,1.0704,152751002624
rmat,32768,467546,edgelist,dfs,1,64,2424780,3743872,3740392,1053696,362775693,176.42,5621458,7202391,1,1.1234,19093875328
rmat,32768,467546,edgelist,dfs,2,64,2424780,3743872,3740392,2107392,172026463,372.04,5495423,7909734,1,1.0732,19093875328
rmat,32768,467546,edgelist,dfs,4,64,2424780,3743872,3740392,4214784,102275666,625.76,5998360,12796782,1,1.0495,19093875328
rmat,32768,467546,edgelist,dfs,1,512,2424780,3743872,3740392,1053696,3046752331,168.05,5997590,8150245,1,1.0424,152154405320
rmat,32768,467546,edgelist,dfs,2,512,2424780,3743872,3740392,2107392,1510692699,338.92,5841352,8562605,1,1.0640,152154405320
rmat,32768,467546,edgelist,dfs,4,512,2424780,3743872,3740392,4214784,723214052,707.95,5676791,7997387,1,1.1135,152154405320
rmat,32768,467546,varint-csr,bfs,1,64,8160126,1146944,1131752,99328,227686559,281.09,3543299,4127482,1,1.1189,19093875328
rmat,32768,467546,varint-csr,bfs,2,64,8160126,1146944,1131752,198656,114853379,557.23,3540664,4467090,1,1.5714,19093875328
rmat,32768,467546,varint-csr,bfs,4,64,8160126,1146944,1131752,397312,53275349,1201.31,3216372,3871429,1,1.1610,19093875328
rmat,32768,467546,varint-csr,bfs,1,512,8160126,1146944,1131752,99328,1766091533,289.91,3379561,5199417,1,1.0539,152751002624
rmat,32768,467546,varint-csr,bfs,2,512,8160126,1146944,1131752,198656,869827717,588.62,3528226,4094797,1,1.0854,152751002624
rmat,32768,467546,varint-csr,bfs,4,512,8160126,1146944,1131752,397312,445162467,1150.14,3543242,5037758,1,1.0710,152751002624
rmat,32768,467546,varint-csr,bfs-batch,1,64,8160126,1146944,1131752,114688,163743166,390.86,2578466,2780805,1,1.3917,18795583183
rmat,32768,467546,varint-csr,bfs-batch,2,64,8160126,1146944,1131752,229376,100152096,639.03,3185154,8522510,1,1.0591,18795583183
rmat,32768,467546,varint-csr,bfs-batch,4,64,8160126,1146944,1131752,458752,51863128,1234.02,3233512,4461830,1,1.2163,18795583183
rmat,32768,467546,varint-csr,bfs-batch,1,512,8160126,1146944,1131752,114688,1672772417,306.08,3282712,4603139,1,1.0483,152751002624
rmat,32768,467546,varint-csr,bfs-batch,2,512,8160126,1146944,1131752,229376,859744253,595.53,3294156,4863750,1,1.0584,152751002624
rmat,32768,467546,varint-csr,bfs-batch,4,512,8160126,1146944,1131752,458752,412543446,1241.08,3269322,3825540,1,1.0667,152751002624
rmat,32768,467546,varint-csr,dfs,1,64,8160126,1146944,1131752,1053696,334244519,191.48,5210124,7524288,1,1.0496,19093875328
rmat,32768,467546,varint-csr,dfs,2,64,8160126,1146944,1131752,2107392,164222631,389.71,5061591,7975542,1,1.0568,19093875328
rmat,32768,467546,varint-csr,dfs,4,64,8160126,1146944,1131752,4214784,82230270,778.30,5158854,9420205,1,1.2385,19093875328
rmat,32768,467546,varint-csr,dfs,1,512,8160126,1146944,1131752,1053696,2596835022,197.16,5106412,7519267,1,1.1021,152154405320
rmat,32768,467546,varint-csr,dfs,2,512,8160126,1146944,1131752,2107392,1227283232,417.18,5066804,7575696,1,1.1086,152154405320
rmat,32768,467546,varint-csr,dfs,4,512,8160126,1146944,1131752,4214784,672154358,761.73,5164218,8617854,1,1.1076,152154405320
rmat,32768,467546,hybrid,bfs,1,64,6344308,2093200,2082476,99328,93643493,683.44,1534855,1784995,1,1.0999,19093875328
rmat,32768,467546,hybrid,bfs,2,64,6344308,2093200,2082476,198656,45904444,1394.20,1353470,1992579,1,1.1515,19093875328
rmat,32768,467546,hybrid,bfs,4,64,6344308,2093200,2082476,397312,27045298,2366.40,1573582,2733252,1,1.1809,19093875328
rmat,32768,467546,hybrid,bfs,1,512,6344308,2093200,2082476,99328,773401865,662.01,1467341,2335776,1,1.0831,152751002624
rmat,32768,467546,hybrid,bfs,2,512,6344308,2093200,2082476,198656,370695678,1381.19,1359433,2363796,1,1.1793,152751002624
rmat,32768,467546,hybrid,bfs,4,512,6344308,2093200,2082476,397312,203389972,2517.33,1553970,2154979,1,1.2576,152751002624
rmat,32768,467546,hybrid,bfs-batch,1,64,6344308,2093200,2082476,114688,71689699,892.74,1132602,1326438,1,1.0846,18795583183
rmat,32768,467546,hybrid,bfs-batch,2,64,6344308,2093200,2082476,231424,38114630,1679.15,1195204,1325479,1,1.1430,18795583183
rmat,32768,467546,hybrid,bfs-batch,4,64,6344308,2093200,2082476,462848,19179041,3336.98,1178077,1825802,1,1.1945,18795583183
rmat,32768,467546,hybrid,bfs-batch,1,512,6344308,2093200,2082476,114688,590473075,867.10,1158013,2132198,1,1.1223,152751002624
rmat,32768,467546,hybrid,bfs-batch,2,512,6344308,2093200,2082476,229376,300166897,1705.72,1161180,1504618,1,1.0556,152751002624
rmat,32768,467546,hybrid,bfs-batch,4,512,6344308,2093200,2082476,460800,140336600,3648.37,1054554,1808869,1,1.0553,152751002624
rmat,32768,467546,hybrid,dfs,1,64,6344308,2093200,2082476,1053696,175049453,365.61,2683161,4993800,1,1.2990,19093875328
rmat,32768,467546,hybrid,dfs,2,64,6344308,2093200,2082476,2107392,92345968,693.05,2740383,5132478,1,1.3625,19093875328
rmat,32768,467546,hybrid,dfs,4,64,6344308,2093200,2082476,4214784,59681109,1072.37,3450747,6664279,1,1.0550,19093875328
rmat,32768,467546,hybrid,dfs,1,512,6344308,2093200,2082476,1053696,1464752309,349.55,2756313,4368697,1,1.2368,152154405320
rmat,32768,467546,hybrid,dfs,2,512,6344308,2093200,2082476,2107392,888733577,576.10,3402367,5018244,1,1.0446,152154405320
rmat,32768,467546,hybrid,dfs,4,512,6344308,2093200,2082476,4214784,428466776,1194.96,3342184,5975872,1,1.1258,152154405320
rmat,32768,467546,bitmatrix,bfs,1,64,197188767,134217776,134217752,99328,1060080614,60.37,16809621,19928608,1,1.2220,19093875328
rmat,32768,467546,bitmatrix,bfs,2,64,197188767,134217776,134217752,198656,485884168,131.72,15153829,17703994,1,1.2519,19093875328
rmat,32768,467546,bitmatrix,bfs,4,64,197188767,134217776,134217752,397312,234072194,273.42,13600673,18849507,1,1.0891,19093875328
rmat,32768,467546,bitmatrix,bfs,1,512,197188767,134217776,134217752,99328,8570380373,59.74,16586167,22540899,1,1.1077,152751002624
rmat,32768,467546,bitmatrix,bfs,2,512,197188767,134217776,134217752,198656,3781086678,135.41,14487188,19203195,1,1.1664,152751002624
rmat,32768,467546,bitmatrix,bfs,4,512,197188767,134217776,134217752,397312,1752311358,292.19,13642431,17107599,1,1.0560,152751002624
rmat,32768,467546,bitmatrix,bfs-batch,1,64,197188767,134217776,134217752,114688,1138383281,56.22,17831163,22782775,1,1.1154,18795583183
rmat,32768,467546,bitmatrix,bfs-batch,2,64,197188767,134217776,134217752,229376,448070813,142.83,13817698,19084597,1,1.2517,18795583183
rmat,32768,467546,bitmatrix,bfs-batch,4,64,197188767,134217776,134217752,458752,202964793,315.33,12887963,15843953,1,1.1134,18795583183
rmat,32768,467546,bitmatrix,bfs-batch,1,512,197188767,134217776,134217752,114688,8099220305,63.22,15881206,21924202,1,1.1737,152751002624
rmat,32768,467546,bitmatrix,bfs-batch,2,512,197188767,134217776,134217752,229376,4097068818,124.97,15690742,19375918,1,1.0911,152751002624
rmat,32768,467546,bitmatrix,bfs-batch,4,512,197188767,134217776,134217752,458752,1611053078,317.80,12514828,16341687,1,1.1264,152751002624
rmat,32768,467546,bitmatrix,dfs,1,64,197188767,134217776,134217752,1053696,1383854641,46.25,22137941,25001875,1,1.0584,19093875328
rmat,32768,467546,bitmatrix,dfs,2,64,197188767,134217776,134217752,2107392,692169863,92.46,19995938,58548239,1,1.0814,19093875328
rmat,32768,467546,bitmatrix,dfs,4,64,197188767,134217776,134217752,4214784,287990673,222.23,16815544,22643112,1,1.1797,19093875328
rmat,32768,467546,bitmatrix,dfs,1,512,197188767,134217776,134217752,1053696,11084705606,46.19,21815732,28981438,1,1.0710,152154405320
rmat,32768,467546,bitmatrix,dfs,2,512,197188767,134217776,134217752,2107392,5242758830,97.66,20501921,24844588,1,1.0390,152154405320
rmat,32768,467546,bitmatrix,dfs,4,512,197188767,134217776,134217752,4214784,2078449978,246.34,16058691,19813135,1,1.0922,152154405320
grid,19881,78960,adjmap,bfs,1,64,4807120,1629392,1272352,97720,34399628,1860.49,514049,741702,1,1.1484,12647496960
grid,19881,78960,adjmap,bfs,2,64,4807120,1629392,1272352,195440,17650321,3626.00,524326,1205549,1,1.2420,12647496960
grid,19881,78960,adjmap,bfs,4,64,4807120,1629392,1272352,390880,11371142,5628.28,733715,1188457,1,1.0982,12647496960
grid,19881,78960,adjmap,bfs,1,512,4807120,1629392,1272352,97720,279550644,1831.51,519929,896284,1,1.0573,101179975680
grid,19881,78960,adjmap,bfs,2,512,4807120,1629392,1272352,195440,129319143,3959.20,494639,821762,1,1.2341,101179975680
grid,19881,78960,adjmap,bfs,4,512,4807120,1629392,1272352,390880,70548109,7257.46,519068,1345330,1,1.1113,101179975680
grid,19881,78960,adjmap,bfs-batch,1,64,4807120,1629392,1272352,97720,39357937,1626.10,566018,992747,1,1.1714,12647496960
grid,19881,78960,adjmap,bfs-batch,2,64,4807120,1629392,1272352,195440,16493012,3880.43,472458,992493,1,1.5397,12647496960
grid,19881,78960,adjmap,bfs-batch,4,64,4807120,1629392,1272352,390880,8430115,7591.83,497256,901405,1,1.2488,12647496960
grid,19881,78960,adjmap,bfs-batch,1,512,4807120,1629392,1272352,97720,285521281,1793.21,518030,997698,1,1.1194,101179975680
grid,19881,78960,adjmap,bfs-batch,2,512,4807120,1629392,1272352,195440,153653818,3332.17,556905,1142526,1,1.1325,101179975680
grid,19881,78960,adjmap,bfs-batch,4,512,4807120,1629392,1272352,390880,66344829,7717.26,459859,1142891,1,1.3673,101179975680
grid,19881,78960,adjmap,dfs,1,64,4807120,1629392,1272352,183736,48465558,1320.53,731021,1146143,1,1.1460,12647496960
grid,19881,78960,adjmap,dfs,2,64,4807120,1629392,1272352,367472,24256603,2638.46,732953,1074752,1,1.1239,12647496960
grid,19881,78960,adjmap,dfs,4,64,4807120,1629392,1272352,734944,12437225,5145.84,723772,1802292,1,1.1959,12647496960
grid,19881,78960,adjmap,dfs,1,512,4807120,1629392,1272352,183736,316948299,1615.41,591801,1013206,1,1.3899,101179975680
grid,19881,78960,adjmap,dfs,2,512,4807120,1629392,1272352,367472,202540219,2527.89,751946,1355688,1,1.1348,101179975680
grid,19881,78960,adjmap,dfs,4,512,4807120,1629392,1272352,734944,99695674,5135.63,727098,1704027,1,1.0965,101179975680
grid,19881,78960,adjlist,bfs,1,64,1211768,801472,795232,97720,17071944,3748.84,260053,426070,1,1.1142,12647496960
grid,19881,78960,adjlist,bfs,2,64,1211768,801472,795232,195440,8661860,7388.71,265398,393549,1,1.0842,12647496960
grid,19881,78960,adjlist,bfs,4,64,1211768,801472,795232,390880,5290869,12096.31,262060,1007397,1,1.3853,12647496960
grid,19881,78960,adjlist,bfs,1,512,1211768,801472,795232,97720,138961642,3684.47,265112,387246,1,1.1180,101179975680
grid,19881,78960,adjlist,bfs,2,512,1211768,801472,795232,195440,71444442,7166.41,267830,372114,1,1.3234,101179975680
grid,19881,78960,adjlist,bfs,4,512,1211768,801472,795232,390880,36783697,13919.21,269739,897519,1,1.4794,101179975680
grid,19881,78960,adjlist,bfs-batch,1,64,1211768,801472,795232,97720,14615266,4378.98,224906,344462,1,1.3181,12647496960
grid,19881,78960,adjlist,bfs-batch,2,64,1211768,801472,795232,195440,7550889,8475.82,226534,376474,1,1.8009,12647496960
grid,19881,78960,adjlist,bfs-batch,4,64,1211768,801472,795232,390880,3585194,17851.20,217452,296415,1,1.3406,12647496960
grid,19881,78960,adjlist,bfs-batch,1,512,1211768,801472,795232,97720,86848500,5895.32,167649,206287,1,1.4447,101179975680
grid,19881,78960,adjlist,bfs-batch,2,512,1211768,801472,795232,195440,53168009,9629.85,206979,296043,1,1.3213,101179975680
grid,19881,78960,adjlist,bfs-batch,4,512,1211768,801472,795232,390880,29475206,17370.53,223442,354368,1,1.1855,101179975680
grid,19881,78960,adjlist,dfs,1,64,1211768,801472,795232,183736,19275487,3320.28,296129,416243,1,1.1024,12647496960
grid,19881,78960,adjlist,dfs,2,64,1211768,801472,795232,367472,9521593,6721.56,284271,452682,1,1.1033,12647496960
grid,19881,78960,adjlist,dfs,4,64,1211768,801472,795232,734944,5575052,11479.71,289595,1066542,1,1.4117,12647496960
grid,19881,78960,adjlist,dfs,1,512,1211768,801472,795232,183736,151777258,3373.36,292006,372831,1,1.0981,101179975680
grid,19881,78960,adjlist,dfs,2,512,1211768,801472,795232,367472,74891364,6836.57,286268,619173,1,1.0683,101179975680
grid,19881,78960,adjlist,dfs,4,512,1211768,801472,795232,734944,38264186,13380.66,284322,427692,1,1.3394,101179975680
grid,19881,78960,adjlist-exact,bfs,1,64,3099326,801440,793008,97720,17122377,3737.80,264730,449575,1,1.2944,12647496960
grid,19881,78960,adjlist-exact,bfs,2,64,3099326,801440,793008,195440,7695404,8316.65,215842,503918,1,1.2549,12647496960
grid,19881,78960,adjlist-exact,bfs,4,64,3099326,801440,793008,390880,4949173,12931.45,256054,958929,1,1.2537,12647496960
grid,19881,78960,adjlist-exact,bfs,1,512,3099326,801440,793008,97720,134123762,3817.37,260501,323789,1,1.0351,101179975680
grid,19881,78960,adjlist-exact,bfs,2,512,3099326,801440,793008,195440,68757074,7446.51,261787,429649,1,1.0543,101179975680
grid,19881,78960,adjlist-exact,bfs,4,512,3099326,801440,793008,390880,35143784,14568.72,259868,598848,1,1.1532,101179975680
grid,19881,78960,adjlist-exact,bfs-batch,1,64,3099326,801440,793008,97720,13999643,4571.55,213055,356066,1,1.3354,12647496960
grid,19881,78960,adjlist-exact,bfs-batch,2,64,3099326,801440,793008,195440,6361051,10061.23,183038,324293,1,1.6171,12647496960
grid,19881,78960,adjlist-exact,bfs-batch,4,64,3099326,801440,793008,390880,4404776,14529.68,217942,1105192,1,1.1104,12647496960
grid,19881,78960,adjlist-exact,bfs-batch,1,512,3099326,801440,793008,97720,112427101,4554.06,212106,364791,1,1.0492,101179975680
grid,19881,78960,adjlist-exact,bfs-batch,2,512,3099326,801440,793008,195440,59483382,8607.45,223771,384583,1,1.1575,101179975680
grid,19881,78960,adjlist-exact,bfs-batch,4,512,3099326,801440,793008,390880,27178952,18838.11,211789,321725,1,1.5389,101179975680
grid,19881,78960,adjlist-exact,dfs,1,64,3099326,801440,793008,183736,15359107,4166.91,230687,414689,1,1.6050,12647496960
grid,19881,78960,adjlist-exact,dfs,2,64,3099326,801440,793008,367472,9432314,6785.19,286757,431058,1,1.0952,12647496960
grid,19881,78960,adjlist-exact,dfs,4,64,3099326,801440,793008,734944,5494004,11649.06,288103,1145455,1,2.8586,12647496960
grid,19881,78960,adjlist-exact,dfs,1,512,3099326,801440,793008,183736,149532239,3424.01,287919,361401,1,1.0749,101179975680
grid,19881,78960,adjlist-exact,dfs,2,512,3099326,801440,793008,367472,74674360,6856.44,285254,392149,1,1.0668,101179975680
grid,19881,78960,adjlist-exact,dfs,4,512,3099326,801440,793008,734944,36050504,14202.30,277498,570295,1,1.0530,101179975680
grid,19881,78960,csr,bfs,1,64,639345,401456,395416,97720,16776344,3814.90,256060,401395,1,1.1268,12647496960
grid,19881,78960,csr,bfs,2,64,639345,401456,395416,195440,8827346,7250.20,269847,344554,1,1.0735,12647496960
grid,19881,78960,csr,bfs,4,64,639345,401456,395416,390880,5217097,12267.36,275116,1028834,1,1.2097,12647496960
grid,19881,78960,csr,bfs,1,512,639345,401456,395416,97720,135395911,3781.50,256050,404508,1,1.0950,101179975680
grid,19881,78960,csr,bfs,2,512,639345,401456,395416,195440,61812481,8283.12,228878,344961,1,1.0898,101179975680
grid,19881,78960,csr,bfs,4,512,639345,401456,395416,390880,36590215,13992.81,272386,494731,1,1.0514,101179975680
grid,19881,78960,csr,bfs-batch,1,64,639345,401456,395416,97720,14527309,4405.50,224936,281594,1,1.6511,12647496960
grid,19881,78960,csr,bfs-batch,2,64,639345,401456,395416,195440,6442047,9934.73,178274,274681,1,2.0156,12647496960
grid,19881,78960,csr,bfs-batch,4,64,639345,401456,395416,390880,3754988,17044.00,208665,730000,1,1.5403,12647496960
grid,19881,78960,csr,bfs-batch,1,512,639345,401456,395416,97720,95700102,5350.05,172857,259420,1,1.2019,101179975680
grid,19881,78960,csr,bfs-batch,2,512,639345,401456,395416,195440,53263120,9612.66,198762,316219,1,1.1666,101179975680
grid,19881,78960,csr,bfs-batch,4,512,639345,401456,395416,390880,28212056,18148.27,208239,492917,1,1.3778,101179975680
grid,19881,78960,csr,dfs,1,64,639345,401456,395416,183736,17318303,3695.51,265504,368301,1,1.0992,12647496960
grid,19881,78960,csr,dfs,2,64,639345,401456,395416,367472,9789002,6537.95,298790,464227,1,1.0295,12647496960
grid,19881,78960,csr,dfs,4,64,639345,401456,395416,734944,5419457,11809.30,295596,982857,1,1.0910,12647496960
grid,19881,78960,csr,dfs,1,512,639345,401456,395416,183736,121922499,4199.39,233619,296235,1,1.3639,101179975680
grid,19881,78960,csr,dfs,2,512,639345,401456,395416,367472,70408942,7271.80,255241,511364,1,1.0564,101179975680
grid,19881,78960,csr,dfs,4,512,639345,401456,395416,734944,40150231,12752.11,299477,764318,1,1.2067,101179975680
grid,19881,78960,csr-slices,bfs,1,64,920803,802864,793032,97720,18266665,3503.65,274926,478758,1,1.1635,12647496960
grid,19881,78960,csr-slices,bfs,2,64,920803,802864,793032,195440,9496323,6739.45,287222,435529,1,1.1321,12647496960
grid,19881,78960,csr-slices,bfs,4,64,920803,802864,793032,390880,5990513,10683.56,321174,824435,1,2.2734,12647496960
grid,19881,78960,csr-slices,bfs,1,512,920803,802864,793032,97720,113686814,4503.60,213626,358440,1,1.4361,101179975680
grid,19881,78960,csr-slices,bfs,2,512,920803,802864,793032,195440,64740163,7908.54,258887,400692,1,1.1268,101179975680
grid,19881,78960,csr-slices,bfs,4,512,920803,802864,793032,390880,35283831,14510.90,268285,593276,1,1.1827,101179975680
grid,19881,78960,csr-slices,bfs-batch,1,64,920803,802864,793032,97720,14355009,4458.37,219804,301364,1,1.4013,12647496960
grid,19881,78960,csr-slices,bfs-batch,2,64,920803,802864,793032,195440,7047597,9081.11,208700,409334,1,1.1551,12647496960
grid,19881,78960,csr-slices,bfs-batch,4,64,920803,802864,793032,390880,4364999,14662.09,217314,1032433,1,1.8012,12647496960
grid,19881,78960,csr-slices,bfs-batch,1,512,920803,802864,793032,97720,114949064,4454.15,220117,304819,1,1.0807,101179975680
grid,19881,78960,csr-slices,bfs-batch,2,512,920803,802864,793032,195440,59519570,8602.21,225342,359359,1,1.3427,101179975680
grid,19881,78960,csr-slices,bfs-batch,4,512,920803,802864,793032,390880,30943318,16546.38,218570,703195,1,1.0963,101179975680
grid,19881,78960,csr-slices,dfs,1,64,920803,802864,793032,183736,20796243,3077.48,308029,793780,1,1.1524,12647496960
grid,19881,78960,csr-slices,dfs,2,64,920803,802864,793032,367472,10705332,5978.33,306750,593661,1,1.1012,12647496960
grid,19881,78960,csr-slices,dfs,4,64,920803,802864,793032,734944,5600324,11427.91,296437,1122780,1,1.2796,12647496960
grid,19881,78960,csr-slices,dfs,1,512,920803,802864,793032,183736,156976714,3261.63,294213,634496,1,1.3040,101179975680
grid,19881,78960,csr-slices,dfs,2,512,920803,802864,793032,367472,76230141,6716.50,291423,401447,1,1.2152,101179975680
grid,19881,78960,csr-slices,dfs,4,512,920803,802864,793032,734944,35175454,14555.60,259093,635378,1,1.4059,101179975680
grid,19881,78960,edgelist,bfs,1,64,407937,639008,631704,97720,127429146,502.24,1989020,2197239,1,1.0671,12647496960
grid,19881,78960,edgelist,bfs,2,64,407937,639008,631704,195440,59990262,1066.84,1957490,2529136,1,1.0986,12647496960
grid,19881,78960,edgelist,bfs,4,64,407937,639008,631704,390880,30568614,2093.65,1886735,3064191,1,1.0496,12647496960
grid,19881,78960,edgelist,bfs,1,512,407937,639008,631704,97720,960252396,533.19,1895060,2875104,1,1.0944,101179975680
grid,19881,78960,edgelist,bfs,2,512,407937,639008,631704,195440,487377929,1050.52,1880020,2270852,1,1.0407,101179975680
grid,19881,78960,edgelist,bfs,4,512,407937,639008,631704,390880,233013765,2197.30,1843996,2642354,1,1.1909,101179975680
grid,19881,78960,edgelist,bfs-batch,1,64,407937,639008,631704,97720,118802275,538.71,1845503,2105055,1,1.0969,12647496960
grid,19881,78960,edgelist,bfs-batch,2,64,407937,639008,631704,195440,59713168,1071.79,1866315,2023017,1,1.0495,12647496960
grid,19881,78960,edgelist,bfs-batch,4,64,407937,639008,631704,390880,32122770,1992.36,1947604,2691033,1,1.0594,12647496960
grid,19881,78960,edgelist,bfs-batch,1,512,407937,639008,631704,97720,933478748,548.49,1804026,2247223,1,1.0913,101179975680
grid,19881,78960,edgelist,bfs-batch,2,512,407937,639008,631704,195440,473765425,1080.70,1837275,2317241,1,1.0992,101179975680
grid,19881,78960,edgelist,bfs-batch,4,512,407937,639008,631704,390880,233005551,2197.37,1743300,2557485,1,1.0893,101179975680
grid,19881,78960,edgelist,dfs,1,64,407937,639008,631704,183736,78526679,815.01,1216494,1523826,1,1.3199,12647496960
grid,19881,78960,edgelist,dfs,2,64,407937,639008,631704,367472,37535040,1705.07,1194312,1513582,1,1.1584,12647496960
grid,19881,78960,edgelist,dfs,4,64,407937,639008,631704,734944,21815280,2933.72,1250847,1940280,1,1.1130,12647496960
grid,19881,78960,edgelist,dfs,1,512,407937,639008,631704,183736,655085123,781.58,1277376,2304273,1,1.1294,101179975680
grid,19881,78960,edgelist,dfs,2,512,407937,639008,631704,367472,331738306,1543.39,1303199,1469295,1,1.1624,101179975680
grid,19881,78960,edgelist,dfs,4,512,407937,639008,631704,734944,163236573,3136.55,1327879,1996820,1,1.1112,101179975680
grid,19881,78960,varint-csr,bfs,1,64,1148472,286784,277258,97720,30750493,2081.27,472960,685586,1,1.1636,12647496960
grid,19881,78960,varint-csr,bfs,2,64,1148472,286784,277258,195440,16200043,3950.61,492884,714338,1,1.2159,12647496960
grid,19881,78960,varint-csr,bfs,4,64,1148472,286784,277258,390880,8340528,7673.38,493357,690522,1,1.6041,12647496960
grid,19881,78960,varint-csr,bfs,1,512,1148472,286784,277258,97720,244124105,2097.29,467958,619642,1,1.1051,101179975680
grid,19881,78960,varint-csr,bfs,2,512,1148472,286784,277258,195440,124703258,4105.75,468798,926539,1,1.0259,101179975680
grid,19881,78960,varint-csr,bfs,4,512,1148472,286784,277258,390880,60525620,8459.23,472556,892593,1,1.1516,101179975680
grid,19881,78960,varint-csr,bfs-batch,1,64,1148472,286784,277258,97720,30247015,2115.91,470540,537377,1,1.1973,12647496960
grid,19881,78960,varint-csr,bfs-batch,2,64,1148472,286784,277258,195440,13612942,4701.41,389558,525268,1,1.0484,12647496960
grid,19881,78960,varint-csr,bfs-batch,4,64,1148472,286784,277258,390880,7178035,8916.09,378615,991899,1,1.3912,12647496960
grid,19881,78960,varint-csr,bfs-batch,1,512,1148472,286784,277258,97720,233605631,2191.73,447287,619212,1,1.1416,101179975680
grid,19881,78960,varint-csr,bfs-batch,2,512,1148472,286784,277258,195440,126209268,4056.75,481803,800936,1,1.0270,101179975680
grid,19881,78960,varint-csr,bfs-batch,4,512,1148472,286784,277258,390880,57602051,8888.57,447271,1032354,1,1.1800,101179975680
grid,19881,78960,varint-csr,dfs,1,64,1148472,286784,277258,183736,32457838,1971.79,500772,610369,1,1.0479,12647496960
grid,19881,78960,varint-csr,dfs,2,64,1148472,286784,277258,367472,17204357,3719.99,518653,805690,1,1.0761,12647496960
grid,19881,78960,varint-csr,dfs,4,64,1148472,286784,277258,734944,11518861,5556.10,702258,1586572,1,1.1236,12647496960
grid,19881,78960,varint-csr,dfs,1,512,1148472,286784,277258,183736,224984672,2275.71,423282,618259,1,1.2095,101179975680
grid,19881,78960,varint-csr,dfs,2,512,1148472,286784,277258,367472,117622613,4352.90,429265,557318,1,1.2046,101179975680
grid,19881,78960,varint-csr,dfs,4,512,1148472,286784,277258,734944,68052871,7523.56,515148,878186,1,1.2772,101179975680
grid,19881,78960,hybrid,bfs,1,64,1514808,486160,477500,97720,17046194,3754.50,261937,468272,1,1.1032,12647496960
grid,19881,78960,hybrid,bfs,2,64,1514808,486160,477500,195440,8621324,7423.45,264802,334655,1,1.0783,12647496960
grid,19881,78960,hybrid,bfs,4,64,1514808,486160,477500,390880,4989718,12826.38,265818,780917,1,1.0871,12647496960
grid,19881,78960,hybrid,bfs,1,512,1514808,486160,477500,97720,137866185,3713.75,263981,360057,1,1.0397,101179975680
grid,19881,78960,hybrid,bfs,2,512,1514808,486160,477500,195440,69969113,7317.51,263510,499226,1,1.0683,101179975680
grid,19881,78960,hybrid,bfs,4,512,1514808,486160,477500,390880,34354723,14903.34,258661,572666,1,1.0657,101179975680
grid,19881,78960,hybrid,bfs-batch,1,64,1514808,486160,477500,97720,15184249,4214.89,234007,315947,1,1.1044,12647496960
grid,19881,78960,hybrid,bfs-batch,2,64,1514808,486160,477500,195440,8010781,7989.23,233789,352702,1,1.8806,12647496960
grid,19881,78960,hybrid,bfs-batch,4,64,1514808,486160,477500,390880,4793061,13352.64,236140,1087566,1,1.2320,12647496960
grid,19881,78960,hybrid,bfs-batch,1,512,1514808,486160,477500,97720,122107341,4193.03,232925,305224,1,1.2261,101179975680
grid,19881,78960,hybrid,bfs-batch,2,512,1514808,486160,477500,195440,62967775,8131.14,235809,446674,1,1.1184,101179975680
grid,19881,78960,hybrid,bfs-batch,4,512,1514808,486160,477500,390880,29134159,17573.87,228552,494848,1,1.0979,101179975680
grid,19881,78960,hybrid,dfs,1,64,1514808,486160,477500,183736,19965355,3205.55,304384,531146,1,1.0394,12647496960
grid,19881,78960,hybrid,dfs,2,64,1514808,486160,477500,367472,10083242,6347.16,306656,417520,1,1.1534,12647496960
grid,19881,78960,hybrid,dfs,4,64,1514808,486160,477500,734944,5721422,11186.03,303433,935318,1,1.1395,12647496960
grid,19881,78960,hybrid,dfs,1,512,1514808,486160,477500,183736,152034683,3367.65,284466,437816,1,1.1259,101179975680
grid,19881,78960,hybrid,dfs,2,512,1514808,486160,477500,367472,79454988,6443.90,303398,417572,1,1.0637,101179975680
grid,19881,78960,hybrid,dfs,4,512,1514808,486160,477500,734944,35204071,14543.77,246677,695877,1,1.0984,101179975680
grid,19881,78960,bitmatrix,bfs,1,64,27865200,49471536,49463952,97720,360638865,177.46,5664473,7553476,1,1.2045,12647496960
grid,19881,78960,bitmatrix,bfs,2,64,27865200,49471536,49463952,195440,172209090,371.64,5119665,6977977,1,1.1617,12647496960
grid,19881,78960,bitmatrix,bfs,4,64,27865200,49471536,49463952,390880,85193072,751.23,5158195,7246294,1,1.0688,12647496960
grid,19881,78960,bitmatrix,bfs,1,512,27865200,49471536,49463952,97720,2881316140,177.70,5451023,8040064,1,1.1771,101179975680
grid,19881,78960,bitmatrix,bfs,2,512,27865200,49471536,49463952,195440,1363917729,375.39,5252212,6666446,1,1.0860,101179975680
grid,19881,78960,bitmatrix,bfs,4,512,27865200,49471536,49463952,390880,681759567,751.00,5111669,8078136,1,1.0705,101179975680
grid,19881,78960,bitmatrix,bfs-batch,1,64,27865200,49471536,49463952,97720,350190232,182.76,5388974,7274097,1,1.2498,12647496960
grid,19881,78960,bitmatrix,bfs-batch,2,64,27865200,49471536,49463952,195440,180345846,354.87,5574123,7682617,1,1.2240,12647496960
grid,19881,78960,bitmatrix,bfs-batch,4,64,27865200,49471536,49463952,390880,87751354,729.33,5206099,8329590,1,1.0919,12647496960
grid,19881,78960,bitmatrix,bfs-batch,1,512,27865200,49471536,49463952,97720,2859170401,179.07,5627469,7438801,1,1.0744,101179975680
grid,19881,78960,bitmatrix,bfs-batch,2,512,27865200,49471536,49463952,195440,1290332474,396.80,4931501,6790124,1,1.0970,101179975680
grid,19881,78960,bitmatrix,bfs-batch,4,512,27865200,49471536,49463952,390880,685635981,746.75,5265458,7310863,1,1.0917,101179975680
grid,19881,78960,bitmatrix,dfs,1,64,27865200,49471536,49463952,183736,334227351,191.49,5060037,8848753,1,1.2476,12647496960
grid,19881,78960,bitmatrix,dfs,2,64,27865200,49471536,49463952,367472,148523803,430.91,4559316,5313362,1,1.3751,12647496960
grid,19881,78960,bitmatrix,dfs,4,64,27865200,49471536,49463952,734944,74931317,854.12,4509898,4861786,1,1.1091,12647496960
grid,19881,78960,bitmatrix,dfs,1,512,27865200,49471536,49463952,183736,2470881251,207.21,4688867,6531267,1,1.2074,101179975680
grid,19881,78960,bitmatrix,dfs,2,512,27865200,49471536,49463952,367472,1258811012,406.73,4701536,7138507,1,1.0941,101179975680
grid,19881,78960,bitmatrix,dfs,4,512,27865200,49471536,49463952,734944,660201874,775.52,5103718,7290906,1,1.0315,101179975680
